{
"apiVersion": "V2",
"assemblies": [
{
  "files": [
    {
      "filePath": "data_summary.tsv",
      "fileType": "DATA_TABLE",
      "uncompressedLengthBytes": "399"
    },
    {
      "filePath": "assembly_data_report.jsonl",
      "fileType": "DATA_REPORT",
      "uncompressedLengthBytes": "4146"
    }
  ]
},{
  "accession": "GCA_036437425.1",
  "files": [
    {
      "filePath": "GCA_036437425.1/GCA_036437425.1_ASM3643742v1_genomic.fna",
      "fileType": "GENOMIC_NUCLEOTIDE_FASTA",
      "uncompressedLengthBytes": "5242702"
    }
  ]
}]}
