{
"apiVersion": "V2",
"assemblies": [
{
  "files": [
    {
      "filePath": "data_summary.tsv",
      "fileType": "DATA_TABLE",
      "uncompressedLengthBytes": "583"
    },
    {
      "filePath": "assembly_data_report.jsonl",
      "fileType": "DATA_REPORT",
      "uncompressedLengthBytes": "7412"
    }
  ]
},{
  "accession": "GCA_013402895.1",
  "files": [
    {
      "filePath": "GCA_013402895.1/GCA_013402895.1_ASM1340289v1_genomic.fna",
      "fileType": "GENOMIC_NUCLEOTIDE_FASTA",
      "uncompressedLengthBytes": "5358507"
    }
  ]
},{
  "accession": "GCF_013402895.1",
  "files": [
    {
      "filePath": "GCF_013402895.1/GCF_013402895.1_ASM1340289v1_genomic.fna",
      "fileType": "GENOMIC_NUCLEOTIDE_FASTA",
      "uncompressedLengthBytes": "5358519"
    }
  ]
}]}
